feature,importance
purchase_lead,0.15323445888487433
flight_hour,0.12388650469859608
length_of_stay,0.11232609102859145
flight_day,0.07833821069319427
num_passengers,0.04767578836217232
flight_duration,0.03554610919403691
booking_origin_Malaysia,0.029353418783302568
wants_in_flight_meals,0.023038572068432104
booking_origin_Australia,0.01997266994709554
wants_preferred_seat,0.017738237784504406
wants_extra_baggage,0.01694194160255065
is_weekend,0.01660999718892042
sales_channel_Mobile,0.011395194219845594
route_PENTPE,0.007032120479399594
booking_origin_Indonesia,0.005309620716552249
route_AKLKUL,0.004485463310140178
route_ICNPEN,0.004398186198289634
booking_origin_South Korea,0.004150940003360545
booking_origin_Singapore,0.003864119294875854
booking_origin_Japan,0.003792729907641571
booking_origin_China,0.0037781483929888704
booking_origin_Thailand,0.0035236906215620565
booking_origin_Taiwan,0.002881146968244927
route_BKIICN,0.0027054425758413396
route_ICNLGK,0.002647513482554033
route_MELPEN,0.002458171528377479
route_JHBKTM,0.0023444008822478602
booking_origin_Vietnam,0.0023139993291989387
route_KIXPEN,0.0023095378077845514
route_HNDPEN,0.0022542480399030933
booking_origin_New Zealand,0.0021654557279490484
route_CGKKIX,0.0021324306752304803
route_ICNJHB,0.0020967251173023642
route_PENPER,0.0020690175420557417
booking_origin_United States,0.0020502046501622673
route_ICNSIN,0.002028516720092866
route_CGKHND,0.0020011869050130648
booking_origin_India,0.0019986056138302346
route_DMKKIX,0.001989636144328764
route_PENPVG,0.0019511169832625106
route_PENSYD,0.0019500921069985978
route_ICNKCH,0.0019382195627453628
route_PEKPEN,0.001850330596823497
booking_origin_Hong Kong,0.0016694013590025228
route_CGKMEL,0.001664760228375788
route_BKIMEL,0.001662995914254382
route_KCHPER,0.001659020681931643
route_JHBTPE,0.0016524942589939556
booking_origin_Philippines,0.0016369288437254736
route_KCHTPE,0.0015919970922730162
route_DPSKIX,0.0015493425538501042
route_CGKICN,0.001514104296491198
route_KTMPEN,0.0015015302978864473
route_KIXSIN,0.0014810730847205397
route_SGNSYD,0.0014759262795493759
route_DPSHND,0.001464988915788433
route_BKIPUS,0.0014620753094228304
route_OOLPEN,0.001452764211152446
route_ICNMLE,0.001447881101070509
booking_origin_Macau,0.0014466285555608843
route_KCHMEL,0.001434388352237429
route_CTSDMK,0.0013916743835469287
route_DPSPVG,0.0013848912632296816
route_HNDSIN,0.0013752820043916802
route_DPSICN,0.0013749683346395284
route_HKGMEL,0.001354061739435194
route_PENPUS,0.0013528098747281547
route_MELMNL,0.0013205206731006613
route_LGKTPE,0.0012340126837799817
route_DPSPEK,0.00122714014076094
route_CGKPVG,0.0012130313302374243
route_HNDKCH,0.0011889883763588187
route_DMKOOL,0.0011750337032069244
route_BKIHND,0.0011640541060982386
route_DMKPER,0.0011616157413471234
route_MELTPE,0.0011434651374467124
booking_origin_Cambodia,0.0011414471317922608
route_OOLSGN,0.0011366464458667698
route_BKIPER,0.0011253806297948702
route_SBWTPE,0.0011089612040465352
route_HKTICN,0.0010997435232926204
route_CGKSYD,0.0010877090731872697
route_DPSHGH,0.001085667285255498
route_ICNSYD,0.0010610411093572886
route_JHBPUS,0.0010600023678648905
route_CGKOOL,0.0010519899168625942
route_COKSYD,0.0010261997756194326
route_DMKSYD,0.0010243076218010173
route_BKISYD,0.001008448596756174
route_COKMEL,0.0010080810027358828
route_ICNMYY,0.0010031319363448686
route_BKIKIX,0.0009858531598889067
route_KCHPEK,0.0009623601263669479
route_MELSGN,0.0009593955813430489
route_HKTPEK,0.0009487730704206255
trip_type_RoundTrip,0.000940430575782776
route_PEKSIN,0.0009251282192486354
route_MYYPER,0.0009219531470436187
route_BKIPEK,0.0008924646746821377
route_PNHSYD,0.0008922826422190489
route_DMKICN,0.0008914277077900772
route_CTSPEN,0.0008904719619091418
route_HKTKIX,0.0008875355705829261
route_DMKMEL,0.0008707317565687725
route_KCHOOL,0.0008639128207074706
route_CTUPEN,0.000860039378763908
route_PERSGN,0.0008452557619284328
booking_origin_Brunei,0.0008393989607444882
route_HKGPER,0.0008393828305595429
route_JHBMEL,0.0008328620430745218
route_KCHPVG,0.0008310026187516691
route_HYDSYD,0.000828847540730046
route_JHBKIX,0.0008269606689989917
route_LGKPUS,0.0008209321970959242
route_BKIOOL,0.0008131533088377885
route_LGKPEK,0.0008093971502027216
route_KCHPUS,0.0008078421803457178
route_CGKPEK,0.0008065978007002816
route_KTMMFM,0.0007939650009806745
route_DMKHND,0.0007771329586655313
booking_origin_United Kingdom,0.0007763912054795794
route_MELSBW,0.0007746231778520306
route_KIXSUB,0.0007735549811391032
route_PEKTWU,0.0007658091305768602
route_CGKKTM,0.0007640309332151093
route_HKTPER,0.0007572615200973037
route_BDOKIX,0.0007498844738980176
route_BLRMEL,0.0007481065565950607
route_PVGSUB,0.0007420938500406693
route_CGKTPE,0.0007403691155234202
route_HNDPER,0.0007169692352114047
route_HNDPNH,0.0007139393969735763
route_CGKPUS,0.0007134304539645624
route_MELMFM,0.0007114997941718249
route_COKPER,0.000710270854796545
route_PVGSIN,0.0007096753089861455
route_CNXMEL,0.0007039160239762603
route_LGKPVG,0.0006962930242408355
route_KCHKIX,0.0006949904401051595
route_BTUPER,0.0006915874326673197
route_HKTPVG,0.0006912878263641509
booking_origin_France,0.0006773685114061262
route_DMKPEK,0.0006762981244646456
route_JHBPVG,0.0006720168134575805
route_MAASYD,0.0006651602277419245
route_BTUICN,0.000649306874203238
trip_type_OneWay,0.0006477117997708481
route_TGGTPE,0.0006463930589003976
route_KNOTPE,0.000645252529990575
route_HKGSYD,0.0006421643940756764
route_CEBMEL,0.0006338266410344452
route_PUSSIN,0.0006241767423143256
route_MNLPER,0.0006232252640622042
route_HKTOOL,0.000620371210855042
route_ICNSBW,0.0006135083758810219
route_HDYOOL,0.0006103160493112429
route_HNDREP,0.0006021953881861872
route_MELPNH,0.0005994070042575542
route_HKGOOL,0.0005977839614573173
route_HKTSYD,0.0005932908398876258
booking_origin_Saudi Arabia,0.0005923584199450443
route_CGKPER,0.00059053224175971
route_HNDMEL,0.0005884565985241466
route_MELMYY,0.0005793030158663879
route_CMBMEL,0.0005790302065634923
route_KCHSYD,0.0005782213215883298
route_PERPNH,0.0005777016275727331
route_CCUMEL,0.0005759688592118301
route_CTSSIN,0.000568812467150092
route_HKTHND,0.0005661845944275244
route_CCUSYD,0.0005661193508967546
route_JHBPEK,0.0005656621295706364
route_KIXSGN,0.0005636676492902934
route_HNDSUB,0.0005579140348444293
route_KBRTPE,0.0005549203723793806
route_HGHPEN,0.000553991258216007
route_SINSYD,0.0005527657279198859
route_HANOOL,0.0005526978617650443
booking_origin_Germany,0.0005487363331112449
route_MNLSYD,0.0005450356855735936
route_KIXREP,0.0005348062197918133
route_DPSTPE,0.0005347767108424494
route_KIXSYD,0.0005320082561281533
route_MELPEK,0.000529058951550948
route_KBRMEL,0.0005255281795770102
route_PERSBW,0.0005244625153833183
route_CNXHND,0.0005211540813892307
route_HNDKNO,0.0005163530824605796
route_CGKCTS,0.0005140115402751614
route_BKICTS,0.0005139719664354328
route_CTUTWU,0.0005115381945055414
booking_origin_Myanmar (Burma),0.000509289899914599
route_KNOPEK,0.0005068929634353218
route_DPSPUS,0.0005036875443308814
route_HANSYD,0.000500326509787547
route_ICNKNO,0.0005000793083379932
route_ICNKBR,0.0004983498384282642
route_MYYPUS,0.0004909948284153915
route_COKHGH,0.0004896459629520444
route_ICNPER,0.00048745472704203705
route_KBVPVG,0.0004810525790861745
route_CTUDPS,0.0004796276192644997
route_BKICTU,0.0004782976685660213
route_PVGSYD,0.0004753349350500837
route_MELSIN,0.00047261622955512277
route_CNXKIX,0.0004651240171343775
route_CRKOOL,0.00046445668191800587
route_JHBSYD,0.0004613137236603793
route_DPSMEL,0.00045660036574748155
route_KIXPNH,0.0004565142342459899
route_AORMEL,0.00045485279875305247
route_CTSJHB,0.000451629355959892
route_HNDSGN,0.0004497510573011283
route_MAAMEL,0.00044956783474530695
route_BWNPER,0.00044667676118118857
route_CGKDEL,0.00044485782825977885
route_AORICN,0.0004440589024929052
route_KBVPEK,0.0004440026748494565
route_CEBOOL,0.0004434685229820172
route_CANPER,0.0004409460467703253
route_HNDLGK,0.00044042400183837404
route_BDOMEL,0.00043674493808558987
route_DMKTPE,0.00043580795845218163
booking_origin_Italy,0.00043544339950021897
route_DELDPS,0.0004272298130245586
route_PENXIY,0.0004267359194641174
route_BDOICN,0.0004266116534835902
route_CNXPEK,0.00042538826304596453
route_CTUHKT,0.0004251408427949544
route_CNXOOL,0.00042444773421992487
route_DELMNL,0.000423111780924352
route_BDOPVG,0.0004197414156114877
route_HGHHKT,0.0004171479636759224
route_JOGKIX,0.00041643730191438024
route_PEKTGG,0.0004161961661739056
route_KBRKIX,0.0004147929109564966
route_HKTTPE,0.00041371722317375966
route_MNLOOL,0.0004133949664700778
route_MRUPEK,0.0004091009786702875
route_MAATPE,0.0004075805543460973
route_KIXMYY,0.0004030999929147867
route_PERPVG,0.0004009021203397109
route_DADMEL,0.00039961854256424746
route_BLRPER,0.00039853200163898886
route_OOLPNH,0.0003969179758277339
route_PERTPE,0.00039495509159531185
route_BKIPVG,0.0003945090204582568
route_HGHJOG,0.00039301214053738846
route_MAAOOL,0.00039258457551172695
route_KNOPVG,0.00039156623615434796
route_BDOSYD,0.00039001359432080983
route_KNOSYD,0.000384181253058872
route_BKIKTM,0.0003827121559634952
route_PEKSBW,0.000376175601418478
route_MELPVG,0.0003747815304746551
route_KIXRGN,0.000372228883842744
route_BLRSYD,0.0003705329330281446
route_CTUSYD,0.0003697691346003744
route_DPSXIY,0.0003663491652349126
route_HYDMEL,0.00036531855600047
route_ICNMEL,0.0003637454220555563
route_MFMPER,0.00036249967294578494
route_DPSSYD,0.00036065212592288886
route_LGKSYD,0.0003598338100225218
route_OOLSIN,0.00035966718464114746
booking_origin_Sweden,0.000350379095564238
route_CNXPVG,0.000350350965025953
route_PVGTWU,0.00034812856214778905
route_HANPER,0.00034774175004079915
route_CNXPER,0.0003441891816714713
route_CTSDPS,0.0003435998294630367
route_KBRPEK,0.0003422843432910437
route_HKTMEL,0.00034016537561684657
route_DELMEL,0.0003395139387613713
route_CANSYD,0.0003393937348899125
route_KIXLOP,0.00033918742359612147
route_PEKSYD,0.0003389895792747362
route_PERSZX,0.00033790966194649133
route_CMBPEK,0.0003370554714019641
route_OOLTPE,0.00033589893577462045
route_CNXSYD,0.0003352053166745909
route_KIXKNO,0.0003351911760225651
route_LOPPEK,0.00033202827955305014
route_KIXPER,0.00033196760032003117
route_MELTRZ,0.00033006238324229483
route_JOGPVG,0.0003297836306369176
route_CTUKCH,0.00032926469069823223
route_LBUPER,0.00032684830258676584
route_MAAPER,0.0003258398931682272
route_HGHSYD,0.0003235493821574137
route_KTMSIN,0.0003212681139390198
route_OOLSZX,0.0003211445716252398
route_ICNSUB,0.00032035534527681493
route_HKTWUH,0.00031906684722586933
route_JOGSYD,0.000318357810491091
route_CTUSIN,0.0003180775066086273
route_KIXMEL,0.0003116299868111511
route_CGKHGH,0.00031065238253685584
route_DMKHGH,0.0003102501040082943
route_ICNOOL,0.0003083204532425753
route_HNDRGN,0.0003050393296359964
route_HDYPER,0.0003040231205649355
route_BDOPER,0.000303504887928947
route_MYYSYD,0.00030257463640852316
route_HYDPER,0.0003012002082499562
booking_origin_Laos,0.0003000161210187877
route_PNHTPE,0.0002972958834709497
route_DPSWUH,0.00029717759022767715
route_CMBSYD,0.0002962448454074829
route_SDKSYD,0.0002948798973384547
route_SBWSYD,0.00029440361875419056
route_KBRPVG,0.0002938518670566905
route_MELVTZ,0.0002929015987355707
route_CTUJHB,0.0002908652609533908
route_DELPEN,0.0002900406364659601
route_SINXIY,0.0002899522616734797
route_DACSYD,0.00028989597950020515
route_HKGMRU,0.00028699326361649927
route_CMBKIX,0.0002860706370530075
route_DMKMRU,0.00028539684812115397
route_HGHSUB,0.00028420781602185656
route_CTSSGN,0.00028420678209475274
route_KNOOOL,0.0002788746746698859
route_CTUMEL,0.0002769456376715637
route_SINWUH,0.0002768517557319032
route_DADOOL,0.00027539934085519277
route_HGHKCH,0.00027514343528229897
route_HGHTRZ,0.0002724180577829836
route_AKLPEK,0.00027097267620641613
route_AORKIX,0.00026955268178992286
route_DMKPVG,0.0002653071428899857
route_OOLTRZ,0.00026524905092461805
route_ICNTGG,0.0002543292396052277
route_KNOMEL,0.0002538717352352884
route_BKIXIY,0.00025331485936148766
route_CCUOOL,0.00025293678459681476
route_KNOPUS,0.00025292790092549443
route_HANMEL,0.00025229228089045243
route_MRUSYD,0.0002507682920986584
route_MRUSIN,0.00025032867700635936
route_HNDKBR,0.0002501278516954595
route_KTMSGN,0.0002487739205343158
route_KIXLGK,0.0002487141148729204
route_DMKPUS,0.00024747851154058553
route_PERTRZ,0.00024630123382630845
route_KIXMLE,0.00024601652144053425
route_MRUPEN,0.00024531671399353723
route_KIXTGG,0.00024410972301355853
booking_origin_Oman,0.00024324220421223297
route_COKOOL,0.0002412970293957593
route_OOLREP,0.00024002668165262468
route_CGKCTU,0.00023960517827146272
route_DELSGN,0.00023848974331475866
booking_origin_Switzerland,0.00023740759034304823
route_SYDTRZ,0.00023736879080704792
route_PERSDK,0.0002368024256678147
route_KLOMEL,0.00023563091100793542
route_REPTPE,0.000231246847358993
route_MELSUB,0.00023051040760806098
booking_origin_Bahrain,0.0002304810354938582
route_HNDSYD,0.0002287301330843307
route_CTSSYD,0.0002269240802589738
route_PUSSUB,0.00022543367236411483
route_PEKTRZ,0.00022502590753316104
route_JHBMRU,0.00022320817399518284
route_HGHMEL,0.00022280345274361665
route_DELSYD,0.0002218780747028507
booking_origin_Denmark,0.0002218048469488951
route_COKKIX,0.00022161267497505165
route_KBRPUS,0.00021852611829706683
route_KBRPER,0.00021743532629345366
route_SYDSZX,0.00021414861281109844
route_KBVPER,0.00021319245974845785
route_CNXTPE,0.00020983281667449067
route_MFMOOL,0.00020709824174556274
route_PVGSGN,0.0002060026303559713
route_MYYOOL,0.00020489385992168325
route_JOGTPE,0.00020446839959545652
route_MELRGN,0.00020290671871461653
route_HGHLGK,0.0002027847232185274
route_CMBPER,0.00020220284761234743
route_CTSKCH,0.00020169084733133907
route_OOLRGN,0.00020123049275817833
route_CMBPVG,0.00020119468256058444
route_PERTGG,0.00020109760025386155
route_CANOOL,0.00020089798891431305
route_ICNSDK,0.00019999267275053697
route_HKTXIY,0.00019990196411408725
route_PNKTPE,0.00019907555803563035
route_BBISYD,0.00019799645892157105
route_JHBOOL,0.00019745989422853937
route_BWNTPE,0.00019743891873965754
route_COKICN,0.00019633591491481848
route_KIXSBW,0.00019622538345362677
route_KBVKIX,0.0001958530420966002
route_LOPPVG,0.00019549332705813275
route_MELTGG,0.0001932598921839712
route_CTSPER,0.00019133452818528528
route_BWNOOL,0.00019112126906679322
route_HDYPEK,0.00018999964382026825
route_MELXIY,0.00018855753391279397
booking_origin_United Arab Emirates,0.00018540030773867022
route_HNDJOG,0.00018401030891305144
route_SUBXIY,0.0001839318274127767
route_HKTPUS,0.0001825371847452534
route_BWNKTM,0.00018217534030814903
route_PEKSUB,0.0001821620050686365
route_CTSSUB,0.00018117919324355742
route_LGKPER,0.0001805656366534332
route_CTULGK,0.00017985641991854776
route_KBVOOL,0.0001795042198429035
route_SYDTPE,0.00017903307972957263
route_CTUKBV,0.00017784054006109707
route_JHBXIY,0.00017701722989799408
route_TGGXIY,0.0001768572904811924
route_CTUURT,0.00017669354324360126
route_KIXTWU,0.00017642880094097222
route_HGHSGN,0.00017507266094776
route_LOPTPE,0.00017497058988948983
route_BDOHGH,0.00017468126262952852
route_ICNKBV,0.0001745584805344344
route_HGHMAA,0.00017139277358821817
route_BDOTPE,0.00017092130672603496
booking_origin_Russia,0.000169392980068724
booking_origin_Netherlands,0.0001688408831095865
route_KNOPER,0.00016873641884414844
route_CMBOOL,0.00016728106985964536
route_CXRMEL,0.00016700260657411128
route_JOGOOL,0.00016686425683640316
route_SINTPE,0.0001651017692316965
route_HYDOOL,0.00016270204298955517
route_KIXOOL,0.00016169220841212172
route_TWUXIY,0.00016134677675269744
route_DPSKTM,0.0001610048443074591
route_TPETWU,0.000160487347366741
route_CTUTGG,0.00015961755485587078
route_SUBSYD,0.00015919379350580993
route_HGHSBW,0.00015919136220255963
route_ICNMAA,0.0001590883184567522
route_MRUPVG,0.00015857590367369273
route_MELREP,0.00015742243639924435
booking_origin_Canada,0.00015595925563704333
route_PEKPER,0.00015448409177247296
route_HNDKBV,0.00015435065049046245
route_DADSYD,0.00015373493358308176
booking_origin_Sri Lanka,0.0001534086854783137
route_CTSOOL,0.00015261939612874837
route_CCUTPE,0.00015261468240935103
route_DELPNH,0.0001515490359774597
route_KCHXIY,0.0001509909409624303
route_KBRSYD,0.00015016428751893614
route_OOLVTE,0.00014982689661219593
route_HDYSYD,0.00014763025528347897
route_CGKJED,0.00014723748745849128
route_CEBSYD,0.0001466995160734784
route_HNDSBW,0.00014568617783650126
route_HGHOOL,0.0001448375277517791
booking_origin_Bangladesh,0.0001443234440955498
route_AORKTM,0.0001438615323512054
route_PEKREP,0.00014363497638889797
route_CANMRU,0.0001427537303032493
route_HGHKBV,0.00014221055652517326
route_KCHWUH,0.00014209068658123475
route_JOGMEL,0.0001415311308987462
route_DELPER,0.0001412249931719866
route_MRUSZX,0.00014048061559430408
route_LOPOOL,0.0001403148068722028
booking_origin_Mauritius,0.0001402632642250883
route_PERRGN,0.00014013639862308388
route_CKGDPS,0.00013866655004166433
booking_origin_Nepal,0.00013658826498416993
route_OOLPVG,0.00013330575415736087
route_OOLSBW,0.00013143259762196796
route_KIXMAA,0.00013097389789883853
route_CMBHGH,0.00013067035473915645
route_CRKMEL,0.00013064018823918746
route_KTMSUB,0.0001298460104670146
route_CGKXIY,0.00012798473382607284
route_PERPUS,0.0001261978820313963
route_PUSSYD,0.00012602401265343185
route_MELNRT,0.00012428447167219203
route_DELSUB,0.00012410627854575566
route_CKGKCH,0.00012384048319190292
route_BWNSYD,0.00012337164628986285
route_GOIMEL,0.00011723427633828359
route_DMKKTM,0.00011712142912982146
route_CKGMRU,0.00011563011487845696
route_LGKMEL,0.00011559742080803731
route_DELJHB,0.00011518437122116856
route_CKGSIN,0.00011402013499863615
route_IKASIN,0.00011251072995624013
route_LPQPER,0.00011217444826543172
route_DELHND,0.00011186667902239426
route_CKGLGK,0.00011119905196963933
route_DACMEL,0.00011114412863910956
booking_origin_Norway,0.00011104496056877037
route_CANDEL,0.00011070640685484932
route_CTSMYY,0.00010991995170736209
route_LGKOOL,0.00010951365628499665
route_DMKIKA,0.00010940569406408851
route_BWNCKG,0.00010708350910180642
route_NRTSYD,0.00010650160490664335
route_MLETPE,0.00010599267421477865
route_KTMMEL,0.00010568973283303746
route_AORPUS,0.00010564415427852448
route_CMBHND,0.00010539164912312803
route_GOIKUL,0.00010454104573922514
route_SUBTPE,0.00010447295737434596
route_OOLSDK,0.0001039469291208667
route_PVGTGG,0.00010387478351788609
route_ICNVTZ,0.00010384122338271987
route_COKPUS,0.00010312843010297284
route_MLEPVG,0.00010293371090879631
route_CTUOOL,0.0001011337290702929
route_IKAPEN,0.00010056488995813641
route_BWNWUH,9.947654229741637e-05
route_LPQTPE,9.902558796174611e-05
booking_origin_Seychelles,9.870451864219336e-05
route_HDYMEL,9.867177478007153e-05
route_COKCTU,9.818215203628154e-05
route_AORPER,9.800327884311982e-05
booking_origin_Spain,9.66603749925103e-05
route_OOLURT,9.505062801170916e-05
route_GOIOOL,9.502430978105625e-05
route_DACPER,9.448654002904527e-05
route_REPSYD,9.273217435280392e-05
booking_origin_Mexico,9.252308500952631e-05
route_PERVTZ,9.232840593010362e-05
booking_origin_Greece,9.225247027480689e-05
route_CTUREP,9.206150000829097e-05
route_HDYPVG,9.128972651346922e-05
booking_origin_Vanuatu,9.016281197418198e-05
route_PENWUH,8.97757813863643e-05
route_HGHTWU,8.875151913951507e-05
route_DPSOOL,8.867695856401748e-05
route_AKLTPE,8.826879341615088e-05
route_DELSIN,8.800598316059285e-05
route_CTUMYY,8.77761276472583e-05
route_SDKTPE,8.747815376354806e-05
route_CKGMYY,8.733399194360499e-05
booking_origin_Romania,8.711088727310679e-05
route_PVGRGN,8.661010985310155e-05
route_KTMTGG,8.546898409721599e-05
route_TWUWUH,8.536848280995068e-05
route_MELMLE,8.524339594218797e-05
route_HGHTGG,8.505121644862876e-05
route_HANKTM,8.49925334349119e-05
route_SRGTPE,8.465913444681256e-05
route_AKLICN,8.350839420231493e-05
route_KIXTRZ,8.318220299029823e-05
route_CTUMAA,8.241670699596032e-05
route_GOIPER,8.222726314200601e-05
route_CTSHKT,8.210533476542664e-05
route_KTMURT,8.188352910723197e-05
booking_origin_Réunion,7.994601222052693e-05
route_CKGSUB,7.971713687746899e-05
route_CKGOOL,7.913648702203173e-05
route_CTSSBW,7.861415478206556e-05
route_HGHSIN,7.771863403100825e-05
route_SYDVTE,7.71894774431652e-05
route_CTUSBW,7.697479311036636e-05
route_TPETRZ,7.674397119043509e-05
route_KTMPER,7.66048713250059e-05
route_BDOPUS,7.583298406118086e-05
route_HGHLOP,7.561815670255941e-05
booking_origin_Kuwait,7.5479072051066e-05
route_SBWWUH,7.525322244626547e-05
route_PUSTRZ,7.500954723077678e-05
route_HDYKIX,7.403454706971906e-05
booking_origin_Belgium,7.38627257053577e-05
route_CKGKNO,7.298424130012049e-05
route_LOPSYD,7.209744414284663e-05
route_BWNDEL,7.134521797752695e-05
route_ICNSGN,7.122658144264529e-05
route_CGKCKG,7.110289656644249e-05
route_DELKBV,7.094400861347424e-05
route_MLEPER,7.093149553649593e-05
route_CKGPNH,6.982712570399475e-05
route_JHBWUH,6.950323224393456e-05
route_BKIDEL,6.943592411619945e-05
route_CGKIKA,6.842801114991206e-05
route_CTSJOG,6.791915534452674e-05
route_CTUTRZ,6.791254738489857e-05
route_JEDKNO,6.76744096083409e-05
route_PUSSBW,6.749639680067254e-05
route_BDOOOL,6.72235405260695e-05
route_CTUKNO,6.70991100225613e-05
route_PERTWU,6.709299406700689e-05
route_COKTPE,6.700829042559868e-05
route_JEDPEN,6.498050741517516e-05
route_HGHJHB,6.486843095315886e-05
booking_origin_Turkey,6.46274819480688e-05
route_HNDTRZ,6.439439050509202e-05
booking_origin_Kenya,6.431035008271019e-05
route_AKLPVG,6.297370009724437e-05
route_PERXIY,6.290581160198625e-05
booking_origin_Iraq,6.2712291225646e-05
route_MYYXIY,6.17361574765378e-05
route_ICNTRZ,6.0999880110577214e-05
booking_origin_Qatar,5.974026885469989e-05
booking_origin_Portugal,5.940154791573362e-05
route_HGHPER,5.891018016913771e-05
route_DPSMRU,5.767884436352773e-05
route_OOLTWU,5.744330209880741e-05
route_KBRKTM,5.638951789524857e-05
route_OOLUTP,5.633986755784998e-05
route_CTSKBR,5.5557974208060424e-05
route_CTUSGN,5.52337047666496e-05
route_CTUMLE,5.468399842522341e-05
route_LGKWUH,5.28375168683976e-05
booking_origin_Chile,5.265654498375069e-05
route_HGHMRU,5.1880803900243314e-05
route_IKASYD,4.912764090966038e-05
route_IKAMNL,4.902173012447205e-05
route_RGNTPE,4.900981782894147e-05
route_CMBICN,4.839152965082893e-05
route_CKGSGN,4.686874680975679e-05
route_TRZWUH,4.648837284823278e-05
route_CKGSBW,4.544961024638429e-05
route_KBVSYD,4.4220341520874555e-05
route_IKAOOL,4.372828410567029e-05
route_CNXICN,4.360299109999995e-05
route_PERSIN,4.352555862306172e-05
route_JEDSUB,4.3125835119944645e-05
route_DELKNO,4.27164325545535e-05
route_BDOPEK,4.0895683687357956e-05
route_HGHKNO,4.0653674549148294e-05
booking_origin_Pakistan,4.062846393009498e-05
route_MELMRU,4.032325353887028e-05
route_OOLPEK,3.885567508220169e-05
route_BTUSYD,3.885280039485184e-05
route_KBVTPE,3.825271752630916e-05
route_KCHKTM,3.74801897988282e-05
route_KTMMYY,3.6929619239832715e-05
route_CKGTWU,3.575162517133186e-05
route_ICNRGN,3.5603869760982065e-05
route_HNDIKA,3.5546936247750085e-05
route_ICNKTM,3.541589016713473e-05
route_KTMTPE,3.444314416337207e-05
route_MLEPEK,3.355201614809354e-05
route_CKGPEN,3.152400209617876e-05
route_HNDMLE,3.034029679619078e-05
route_MELTWU,3.0227196881843535e-05
route_MELPUS,2.9931912671266882e-05
route_IKAMEL,2.9830959518981312e-05
route_PERUTP,2.8918098530725066e-05
route_DELLGK,2.87541303389202e-05
route_CMBCTU,2.8469486107376518e-05
route_RGNSYD,2.8034187577432787e-05
route_DELDMK,2.7218018441164563e-05
route_KIXLPQ,2.6724103498625357e-05
route_HKGKTM,2.6181600548181096e-05
route_KBVKTM,2.610303967881662e-05
route_KNOXIY,2.609556822348321e-05
route_CANMEL,2.564921254780782e-05
route_IKASUB,2.5647429924550164e-05
route_BDOIKA,2.5205666610941553e-05
route_DELHKG,2.5196599908663958e-05
booking_origin_Mongolia,2.5122595360186265e-05
route_HDYTPE,2.504293403971798e-05
route_CTSLGK,2.4554206014714584e-05
route_BKICKG,2.369978584810107e-05
route_IKAPER,2.356042903144507e-05
route_DELHKT,2.22722229607744e-05
route_CGKMRU,2.1965638960939047e-05
route_CKGJHB,2.1921339018670767e-05
route_CCUPER,2.1776109649520623e-05
route_HDYXIY,2.1738303006980297e-05
route_BTUCKG,2.1698494031577818e-05
route_DELOOL,2.1515602576465667e-05
route_PERREP,2.145330361608276e-05
route_KTMREP,2.0765793193506646e-05
route_CTSKNO,2.0666826071415392e-05
route_MAAPVG,2.0250524959024683e-05
booking_origin_Ireland,2.000704614664342e-05
route_KBVXIY,1.9633639025508077e-05
route_KLOOOL,1.9632718103822236e-05
route_CTUSUB,1.9503975773204305e-05
route_BDOCTU,1.9502519204656317e-05
route_DELKIX,1.9362724643935215e-05
route_KTMSYD,1.929863631976731e-05
route_DACKIX,1.9210181584402256e-05
booking_origin_Iran,1.9108812987521044e-05
route_PVGURT,1.8840360971236042e-05
route_CKGTRZ,1.8082137998488542e-05
route_DPSIKA,1.805534433843777e-05
route_HGHKBR,1.7955082721631753e-05
route_MRUSUB,1.7869934958898447e-05
route_LGKXIY,1.6812976298567205e-05
route_OOLPUS,1.6738129125811685e-05
route_CTUPER,1.6689912650328536e-05
booking_origin_Poland,1.6565503540009712e-05
route_BOMPER,1.636312971045667e-05
route_DACHND,1.6184060955769884e-05
route_DACICN,1.587518071657613e-05
route_HKGIKA,1.5604337212050968e-05
booking_origin_Guatemala,1.5535651828323396e-05
route_BOMSYD,1.4997290859630823e-05
booking_origin_Czech Republic,1.4970579382850188e-05
route_PUSSGN,1.4922275992740444e-05
route_CGKWUH,1.4834743479228761e-05
route_DELSBW,1.482605850578606e-05
route_HNDKTM,1.4758863204188961e-05
route_BWNHGH,1.4686944074666498e-05
booking_origin_Finland,1.4338631021510202e-05
route_HGHMYY,1.3985481206134397e-05
route_MRUOOL,1.3857929844414878e-05
route_BOMMEL,1.3634975915347419e-05
route_TRZXIY,1.3583295323959242e-05
route_DELKCH,1.3436505537152914e-05
route_IKATPE,1.3370562456140063e-05
booking_origin_Ukraine,1.3190933220776091e-05
route_CTUMRU,1.3052312681659298e-05
route_MNLMRU,1.2963317018450419e-05
route_CNXPUS,1.2780555856147516e-05
route_HDYKTM,1.216228971748567e-05
booking_origin_Austria,1.2156732640007496e-05
booking_origin_Brazil,1.2099080743250238e-05
route_KNOKTM,1.2035441851415857e-05
route_ICNIKA,1.2012470885044227e-05
route_IKAMFM,1.1997506682293443e-05
route_KBVPUS,1.1952130544251387e-05
route_DACTPE,1.1822663072956831e-05
booking_origin_Colombia,1.1800560058198023e-05
booking_origin_Afghanistan,1.155061093991677e-05
route_KHHPER,1.1380965840174787e-05
route_BDOCTS,1.1335767938648199e-05
route_CKGPER,1.1055241939503637e-05
route_MFMSYD,1.100868709875912e-05
route_DACOOL,1.0953415122490178e-05
route_SUBWUH,1.0752675503200623e-05
route_KBVMEL,1.0743876941156238e-05
route_DELMRU,1.0723212507533003e-05
route_BDOXIY,1.0578573584996647e-05
route_CKGSYD,1.0397550409237963e-05
route_DELMYY,1.036102681192672e-05
route_DELMFM,1.034208518946421e-05
route_HKTMRU,1.0259161504789397e-05
route_OOLXIY,1.00324849112567e-05
route_PUSRGN,9.94767491675394e-06
route_CTUDMK,9.822055912063952e-06
route_PERSUB,9.662859538184702e-06
route_KBROOL,9.540027728124493e-06
booking_origin_Guam,9.524998021544973e-06
route_KBVWUH,9.397979245925904e-06
route_HNDLOP,9.313077297296875e-06
route_HYDWUH,9.022820561888461e-06
route_CTUKBR,8.887899308555638e-06
route_CKGCOK,8.852942040489264e-06
route_BWNMEL,8.775867580771122e-06
route_KHHMEL,8.696743709493545e-06
route_PVGREP,8.6090485295769e-06
route_ICNREP,8.404213958927967e-06
route_MLESYD,8.346922304062351e-06
route_MAAMRU,8.257068339026467e-06
route_HNDOOL,8.179328602687845e-06
booking_origin_Maldives,8.041696981326693e-06
route_CANIKA,7.862922435957937e-06
route_CKGMAA,7.766863908302297e-06
route_BLRICN,7.763235761353726e-06
route_COKWUH,7.725606792721932e-06
route_CRKSYD,7.715781491857434e-06
route_MRUXIY,7.678410846170109e-06
route_IKASZX,7.673621577380886e-06
booking_origin_Timor-Leste,7.640350316495379e-06
route_DELJOG,7.446079481472195e-06
route_CTSMEL,7.43550996620104e-06
route_MAAWUH,7.416759873727732e-06
route_JEDMEL,7.347809209307925e-06
route_LOPPER,7.300082412019351e-06
route_CTULOP,7.2543451359335574e-06
route_CMBMRU,7.180856603838178e-06
route_AKLKIX,6.973491896213524e-06
route_MRUPER,6.92786100117157e-06
route_SBWXIY,6.904534151876027e-06
route_CSXMRU,6.653010310010185e-06
route_AKLMRU,6.348726665229737e-06
route_HKTKTM,6.021462355419296e-06
route_AKLKTM,5.8755002090583505e-06
route_PEKSGN,5.7636160936412954e-06
route_JEDJOG,5.7108513928517176e-06
route_BTJJED,5.659420003872835e-06
route_IKALOP,5.654965137394168e-06
booking_origin_Croatia,5.6294409781463445e-06
route_DACHGH,5.373598849640555e-06
route_OOLWUH,5.021520882518013e-06
route_BOMOOL,5.003658222844039e-06
route_PERSWA,4.839976306623026e-06
route_JEDMNL,4.811639781110443e-06
route_OOLSUB,4.7738120084165245e-06
route_KOSPEK,4.6971308035999165e-06
route_SYDTWU,4.661375436669078e-06
booking_origin_Egypt,4.589101549923536e-06
route_MRUSGN,4.586666695019167e-06
route_HNDMAA,4.523834783608982e-06
route_MELUTP,4.510255666340305e-06
route_CKGTGG,4.354926898695663e-06
route_KHHSYD,4.31576346352513e-06
route_KBRWUH,4.287834346677608e-06
booking_origin_Solomon Islands,4.245066304127944e-06
booking_origin_New Caledonia,4.1775161431672086e-06
route_GOISYD,4.173174282491164e-06
route_IKASGN,4.098660379413893e-06
route_LBUTPE,3.966104161103487e-06
booking_origin_Hungary,3.9591896679117175e-06
route_ICNJED,3.853263552235295e-06
booking_origin_Ghana,3.834950109740275e-06
route_CTUIKA,3.824241453309041e-06
route_AKLHGH,3.762652890085721e-06
route_MELURT,3.6630456015607905e-06
route_LOPXIY,3.5764485544412007e-06
route_KIXKTM,3.439703595615908e-06
route_IKAKIX,3.403583700677721e-06
route_IKAKCH,3.39986315296195e-06
route_CKGMEL,3.336092915244182e-06
route_PEKRGN,3.279781517276755e-06
route_CKGHKT,3.2642481396370825e-06
route_ICNVTE,3.2537942417492217e-06
route_IKAPVG,3.2104561073546228e-06
route_MRUTPE,3.1034693215482027e-06
route_HKTIKA,2.9785152690633663e-06
booking_origin_Bhutan,2.974344486385323e-06
route_DELURT,2.9726761132558925e-06
booking_origin_Estonia,2.9514853476740785e-06
booking_origin_Cyprus,2.950520589976647e-06
route_KLOSYD,2.918271363612297e-06
route_AKLHND,2.8723175812947215e-06
route_HDYHGH,2.800902559085262e-06
route_COKCTS,2.76549944975587e-06
route_CKGLOP,2.740088208036902e-06
booking_origin_Slovenia,2.7281224440542455e-06
booking_origin_Peru,2.535142878621147e-06
booking_origin_Argentina,2.4036379173333337e-06
route_OOLTGG,2.3971263502595732e-06
route_HYDMRU,2.3640237349975592e-06
route_DACMRU,2.339808930200929e-06
route_HKTJED,2.2172517874852873e-06
route_CEBPER,2.1651859344262478e-06
route_MELSWA,2.1227931283527366e-06
route_IKAPEK,2.011744406198548e-06
route_CNXXIY,2.0062563528176737e-06
booking_origin_Malta,1.953053516079563e-06
route_CMBWUH,1.941046787502194e-06
route_SGNXIY,1.928165587178237e-06
route_KWLPER,1.9014477829817269e-06
route_ICNMRU,1.778592143046041e-06
route_CNXDEL,1.7742202580106238e-06
booking_origin_Tanzania,1.6908130315195396e-06
booking_origin_Gibraltar,1.6459393889408206e-06
route_KIXMRU,1.6426311087504273e-06
booking_origin_Norfolk Island,1.6092338929261843e-06
route_BBIMEL,1.5941145026897779e-06
route_LPQOOL,1.5861712956628837e-06
booking_origin_South Africa,1.5823316488797931e-06
booking_origin_Algeria,1.55900598512546e-06
booking_origin_Tonga,1.4439889646514806e-06
route_DELRGN,1.1809236973614392e-06
booking_origin_Israel,9.762761380880528e-07
route_MLEOOL,8.794375389708036e-07
route_BWNIKA,7.95261543197368e-07
route_JOGPER,7.384842666244925e-07
route_KOSOOL,6.905668054109338e-07
route_DELSZX,6.688690022396727e-07
route_TPEURT,6.641439597613815e-07
route_LPQMEL,6.544444929343212e-07
route_SYDVTZ,6.426022000446281e-07
booking_origin_Nicaragua,5.404785881740658e-07
route_JEDMFM,4.010255930289066e-07
route_KOSMEL,3.9796846260566746e-07
route_IKAPUS,3.825264783172435e-07
route_DELREP,3.617964235249104e-07
route_SYDXIY,3.2822182279413447e-07
route_KHHOOL,3.126871852162035e-07
booking_origin_Paraguay,2.4152211171519475e-07
route_CCUMRU,2.39491104620911e-07
booking_origin_Lebanon,2.1322758301905856e-07
booking_origin_Tunisia,2.129596482088852e-07
booking_origin_Svalbard & Jan Mayen,1.9771822125066194e-07
route_PERWUH,1.7218660891693533e-07
booking_origin_Czechia,1.4626585697658523e-07
route_BBIOOL,1.2294829223251242e-07
route_PERVTE,1.1933763352641933e-07
booking_origin_Jordan,1.1241823572098396e-07
route_CSXSYD,4.3906231852937694e-08
route_MELWUH,3.1247440389610595e-08
route_MELSZX,1.1423451453533246e-08
route_BBIPER,0.0
route_MELVTE,0.0
route_BKIMRU,0.0
route_BDOWUH,0.0
route_KTMTWU,0.0
route_URTXIY,0.0
booking_origin_Slovakia,0.0
route_KOSSYD,0.0
route_TPEVTE,0.0
booking_origin_Belarus,0.0
route_DACPEK,0.0
route_DACPUS,0.0
booking_origin_Bulgaria,0.0
route_DELKBR,0.0
route_CSXPER,0.0
route_HKGJED,0.0
route_CMBCTS,0.0
booking_origin_Kazakhstan,0.0
route_CTUSRG,0.0
route_JOGKTM,0.0
route_KBRXIY,0.0
route_KCHMRU,0.0
booking_origin_Panama,0.0
booking_origin_Papua New Guinea,0.0
route_KIXLBU,0.0
route_BTUWUH,0.0
route_KNOWUH,0.0
route_JEDPDG,0.0
